CRIM,ZN,INDUS,CHAS,NOX,RM,AGE,DIS,RAD,TAX,PTRATIO,B,LSTAT,MEDV
0,0.165514438,0.067815249,0,0.27369583,0.455844656,0.495675391,0.238389254,0,0.188978738,0.252495763,0.693147181,0.085883994,3.218875825
0.000235895,0,0.242302053,0,0.159427737,0.43696229,0.578128087,0.299335393,0.042559614,0.099810793,0.440311839,0.693147181,0.186039801,3.117949906
0.00023567,0,0.242302053,0,0.159427737,0.527320373,0.469617355,0.299335393,0.042559614,0.099810793,0.440311839,0.688002597,0.061533182,3.575150689
0.000292753,0,0.063049853,0,0.139940849,0.505946909,0.365901047,0.370559321,0.083381609,0.064657789,0.500130335,0.690281107,0.032843229,3.538056564
0.000704822,0,0.063049853,0,0.139940849,0.523013929,0.424169955,0.370559321,0.083381609,0.064657789,0.500130335,0.693147181,0.094707952,3.616308761
0.000264437,0,0.063049853,0,0.139940849,0.438075669,0.454042738,0.370559321,0.083381609,0.064657789,0.500130335,0.689636056,0.091691358,3.391147046
0.000920899,0.117783036,0.271627566,0,0.251543026,0.385010803,0.504419981,0.338557662,0.16034265,0.212399012,0.244196961,0.691506822,0.258706709,3.173878459
0.001552466,0.117783036,0.271627566,0,0.251543026,0.405656697,0.672860399,0.363522473,0.16034265,0.212399012,0.244196961,0.693147181,0.392504364,3.335769576
0.002300603,0.117783036,0.271627566,0,0.251543026,0.33406055,0.693147181,0.371807796,0.16034265,0.212399012,0.244196961,0.680114415,0.575571077,2.862200881
0.001838482,0.117783036,0.271627566,0,0.251543026,0.383967234,0.617770877,0.403283328,0.16034265,0.212399012,0.244196961,0.680216595,0.353551971,2.990719732
0.002453661,0.117783036,0.271627566,0,0.251543026,0.431501187,0.663356632,0.388261652,0.16034265,0.212399012,0.244196961,0.687609662,0.416442167,2.772588722
0.001248519,0.117783036,0.271627566,0,0.251543026,0.384619592,0.600973169,0.380833117,0.16034265,0.212399012,0.244196961,0.693147181,0.276443661,2.990719732
0.000982546,0.117783036,0.271627566,0,0.251543026,0.368844321,0.316110383,0.331428249,0.16034265,0.212399012,0.244196961,0.68504546,0.326249873,3.122364924
0.006982878,0,0.281524927,0,0.27369583,0.376763063,0.474114632,0.281680595,0.122602322,0.206207042,0.638488768,0.693147181,0.165673441,3.063390922
0.007074399,0,0.281524927,0,0.27369583,0.395903027,0.609967047,0.264685998,0.122602322,0.206207042,0.638488768,0.671635494,0.211374791,2.954910279
0.006956425,0,0.281524927,0,0.27369583,0.361529972,0.43954973,0.267243928,0.122602322,0.206207042,0.638488768,0.691532079,0.17057141,3.039749159
0.011706099,0,0.281524927,0,0.27369583,0.374920958,0.240499781,0.267243928,0.122602322,0.206207042,0.638488768,0.680395385,0.125601302,3.18221184
0.008705183,0,0.281524927,0,0.27369583,0.382138363,0.594174276,0.250347021,0.122602322,0.206207042,0.638488768,0.680267681,0.305323556,2.917770732
0.008911407,0,0.281524927,0,0.27369583,0.309758861,0.297928064,0.217136585,0.122602322,0.206207042,0.638488768,0.546905949,0.242816317,3.054001182
0.008054259,0,0.281524927,0,0.27369583,0.347145103,0.522294109,0.217136585,0.122602322,0.206207042,0.638488768,0.685617263,0.233902245,2.954910279
0.013901704,0,0.281524927,0,0.27369583,0.32565656,0.683315277,0.21723904,0.122602322,0.206207042,0.638488768,0.667181316,0.426759934,2.681021529
0.009460794,0,0.281524927,0,0.27369583,0.37886418,0.635928185,0.232806721,0.122602322,0.206207042,0.638488768,0.68762234,0.288095894,3.025291076
0.013687527,0,0.281524927,0,0.27369583,0.401817921,0.649467519,0.230252957,0.122602322,0.206207042,0.638488768,0.693147181,0.384458666,2.785011242
0.010978198,0,0.281524927,0,0.27369583,0.358723046,0.693147181,0.238761749,0.122602322,0.206207042,0.638488768,0.690167305,0.406016832,2.740840024
0.008326941,0,0.281524927,0,0.27369583,0.373471204,0.66229506,0.260328754,0.122602322,0.206207042,0.638488768,0.689901716,0.337929704,2.809402695
0.009332746,0,0.281524927,0,0.27369583,0.329660708,0.616659766,0.264176419,0.122602322,0.206207042,0.638488768,0.567745301,0.342054232,2.701361213
0.007453227,0,0.281524927,0,0.27369583,0.358723046,0.641908088,0.279929468,0.122602322,0.206207042,0.638488768,0.667582359,0.308166197,2.867898902
0.01061505,0,0.281524927,0,0.27369583,0.389563656,0.633744778,0.264092628,0.122602322,0.206207042,0.638488768,0.571966883,0.357033599,2.76000994
0.00858027,0,0.281524927,0,0.27369583,0.446080145,0.663886995,0.264183402,0.122602322,0.206207042,0.638488768,0.681786304,0.266558208,2.965273066
0.011134047,0,0.281524927,0,0.27369583,0.467797711,0.625514278,0.249008091,0.122602322,0.206207042,0.638488768,0.671905978,0.249073755,3.091042453
0.012559791,0,0.281524927,0,0.27369583,0.34524757,0.66229506,0.248582659,0.122602322,0.206207042,0.638488768,0.645732211,0.454815752,2.617395833
0.015041991,0,0.281524927,0,0.27369583,0.39280305,0.693147181,0.244460788,0.122602322,0.206207042,0.638488768,0.667388326,0.271618308,2.740840024
0.015410287,0,0.281524927,0,0.27369583,0.376894513,0.595878338,0.231198755,0.122602322,0.206207042,0.638488768,0.46103087,0.54051301,2.653241965
0.012791854,0,0.281524927,0,0.27369583,0.343618241,0.667063281,0.216455723,0.122602322,0.206207042,0.638488768,0.643879697,0.377483428,2.646174797
0.017895587,0,0.281524927,0,0.27369583,0.395903027,0.677055476,0.214447042,0.122602322,0.206207042,0.638488768,0.485705642,0.414438706,2.674148649
0.000650009,0,0.201612903,0,0.210721031,0.374657522,0.514321052,0.184692141,0.16034265,0.161755279,0.531879033,0.693147181,0.198335038,2.990719732
0.001023643,0,0.201612903,0,0.210721031,0.362463866,0.471547236,0.186021808,0.16034265,0.161755279,0.531879033,0.668461502,0.236737271,3.044522438
0.000829375,0,0.201612903,0,0.210721031,0.363663306,0.334705192,0.227163867,0.16034265,0.161755279,0.531879033,0.693147181,0.177527153,3.091042453
0.001894688,0,0.201612903,0,0.210721031,0.378995354,0.247760805,0.220847544,0.16034265,0.161755279,0.531879033,0.688762677,0.208466837,3.246490992
0.000239491,0.559615788,0.09127566,0,0.084779808,0.458270958,0.177848816,0.328171918,0.083381609,0.116934499,0.473985055,0.691544707,0.069029663,3.45946629
0.000306461,0.559615788,0.09127566,0,0.084779808,0.508946104,0.12473899,0.328171918,0.083381609,0.116934499,0.473985055,0.691532079,0.006874769,3.580737295
0.001360434,0,0.23643695,0,0.121889818,0.479253683,0,0.348900803,0.083381609,0.084144677,0.447137805,0.67855487,0.082332494,3.317815773
0.001518238,0,0.23643695,0,0.121889818,0.405273482,0.03739698,0.348900803,0.083381609,0.084144677,0.447137805,0.675941662,0.106684143,3.269568939
0.001718655,0,0.23643695,0,0.121889818,0.410625177,0.036404424,0.348900803,0.083381609,0.084144677,0.447137805,0.690066137,0.146314952,3.246490992
0.001307116,0,0.23643695,0,0.121889818,0.392414876,0.323589849,0.348900803,0.083381609,0.084144677,0.447137805,0.683633614,0.19538886,3.100092289
0.001853965,0,0.23643695,0,0.121889818,0.34103303,0.276288889,0.308281131,0.083381609,0.084144677,0.447137805,0.693147181,0.210257348,3.010620886
0.002043995,0,0.23643695,0,0.121889818,0.355102526,0.272374989,0.308281131,0.083381609,0.084144677,0.447137805,0.693147181,0.294693856,3.044522438
0.00250277,0,0.23643695,0,0.121889818,0.387354859,0.615547418,0.346877999,0.083381609,0.084144677,0.447137805,0.687888535,0.38596045,2.867898902
0.002778539,0,0.23643695,0,0.121889818,0.301714219,0.668647649,0.358420276,0.083381609,0.084144677,0.447137805,0.693147181,0.589134787,2.734367509
0.002396253,0,0.23643695,0,0.121889818,0.330074016,0.475395862,0.372158845,0.083381609,0.084144677,0.447137805,0.693147181,0.335959649,3.015534901
0.00092584,0.19062036,0.189882698,0,0.105360516,0.378601782,0.365186506,0.416716879,0.122602322,0.101536419,0.369360103,0.691456307,0.280203849,3.0301337
0.000416346,0.19062036,0.189882698,0,0.105360516,0.398350378,0.481777505,0.416716879,0.122602322,0.101536419,0.369360103,0.689446256,0.192661586,3.068052935
0.000531275,0.19062036,0.189882698,0,0.105360516,0.44804069,0.171796052,0.416716879,0.122602322,0.101536419,0.369360103,0.693147181,0.093452143,3.258096538
0.000488698,0.19062036,0.189882698,0,0.105360516,0.383183841,0.174394581,0.416716879,0.122602322,0.101536419,0.369360103,0.693147181,0.169640311,3.194583132
8.18E-05,0.559615788,0.129765396,0,0.050160966,0.368711809,0.378676239,0.446539869,0.083381609,0.430592058,0.644091024,0.693147181,0.307963419,2.990719732
7.63E-05,0.641853886,0.027859238,0,0.036367644,0.534531672,0.178710513,0.52360542,0.16034265,0.071787944,0.447137805,0.691923476,0.081569814,3.594568775
0.000159929,0.615185639,0.01026393,0,0.050160966,0.432247641,0.291023548,0.549710871,0.042559614,0.215480679,0.405465108,0.693147181,0.105691587,3.246490992
8.99E-05,0.693147181,0.031524927,0,0.052116001,0.48469684,0.327308708,0.503374019,0.16034265,0.123702715,0.235828711,0.688091302,0.059455259,3.484312288
0.001663561,0.223143551,0.171187683,0,0.130956063,0.402202462,0.239689736,0.474939414,0.265703166,0.169839398,0.562650692,0.68527422,0.132392499,3.19047635
0.001089214,0.223143551,0.171187683,0,0.130956063,0.3738668,0.375851378,0.423723804,0.265703166,0.169839398,0.562650692,0.693147181,0.187870884,3.025291076
0.001605995,0.223143551,0.171187683,0,0.130956063,0.349039043,0.50192932,0.441038057,0.265703166,0.169839398,0.562650692,0.690887835,0.27392899,2.980618636
0.001857218,0.223143551,0.171187683,0,0.130956063,0.378995354,0.658570661,0.416944643,0.265703166,0.169839398,0.562650692,0.669133267,0.300635888,2.833213344
0.001167691,0.223143551,0.171187683,0,0.130956063,0.441285152,0.51185496,0.441043907,0.265703166,0.169839398,0.562650692,0.693147181,0.129245178,3.144152279
0.001349883,0.223143551,0.171187683,0,0.130956063,0.478304016,0.34860955,0.484289248,0.265703166,0.169839398,0.562650692,0.691481565,0.1942534,3.258096538
0.000148241,0.161268148,0.03372434,0,0.062027656,0.518118377,0.459261275,0.551561699,0.083381609,0.053866317,0.49365782,0.688522048,0.160751364,3.526360525
0.000331743,0.587786665,0.106671554,0,0.026397472,0.420614512,0.142757496,0.404461291,0.122602322,0.251738427,0.316517622,0.693147181,0.078002931,3.198673118
0.000421065,0.587786665,0.106671554,0,0.026397472,0.355236853,0.254969487,0.404461291,0.122602322,0.251738427,0.316517622,0.693147181,0.210927964,3.015534901
0.000579466,0.117783036,0.205645161,0,0.048202102,0.367385725,0.174394581,0.397549825,0.122602322,0.263537974,0.512951023,0.692276864,0.161925486,3.135494216
0.001451348,0.117783036,0.205645161,0,0.048202102,0.32897148,0.299455948,0.397549825,0.122602322,0.263537974,0.512951023,0.693147181,0.27266928,2.912350665
0.001368515,0.117783036,0.205645161,0,0.048202102,0.368314168,0.270019276,0.397549825,0.122602322,0.263537974,0.512951023,0.693147181,0.177989154,3.086486637
0.000920562,0,0.379398827,0,0.056014642,0.436467056,0.03739698,0.320690701,0.122602322,0.203096619,0.531879033,0.676403313,0.129002666,3.226843995
0.001711923,0,0.379398827,0,0.056014642,0.378339315,0.140075331,0.320690701,0.122602322,0.203096619,0.531879033,0.667659961,0.202850738,3.122364924
0.000958517,0,0.379398827,0,0.056014642,0.391897077,0.049231438,0.320690701,0.122602322,0.203096619,0.531879033,0.685566449,0.099465692,3.169685581
0.002122846,0,0.379398827,0,0.056014642,0.414936622,0.033420832,0.320690701,0.122602322,0.203096619,0.531879033,0.667957382,0.148695905,3.194583132
0.000816123,0,0.453445748,0,0.101649936,0.418473318,0.031426813,0.249893828,0.16034265,0.338378815,0.500130335,0.690647716,0.130456859,3.222867846
0.000997593,0,0.453445748,0,0.101649936,0.420111114,0.360170373,0.267522326,0.16034265,0.338378815,0.500130335,0.675762074,0.181447371,3.109060959
0.001069565,0,0.453445748,0,0.101649936,0.419229557,0.552380614,0.23567732,0.16034265,0.338378815,0.500130335,0.663408827,0.248858631,3.044522438
0.000907199,0,0.453445748,0,0.101649936,0.401561478,0.365901047,0.238425077,0.16034265,0.338378815,0.500130335,0.680535841,0.21159813,3.08190997
0.000563403,0,0.453445748,0,0.101649936,0.413290322,0.420794994,0.302498696,0.16034265,0.338378815,0.500130335,0.679820588,0.256787528,3.100092289
0.000871264,0,0.453445748,0,0.101649936,0.366854798,0.297928064,0.267522326,0.16034265,0.338378815,0.500130335,0.692087564,0.185123001,3.058707073
0.000391179,0.223143551,0.161290323,0,0.080991925,0.474138583,0.273942388,0.32814572,0.122602322,0.164996773,0.519300251,0.693147181,0.093703431,3.36729583
0.00043039,0.223143551,0.161290323,0,0.080991925,0.461174771,0.527776913,0.32814572,0.122602322,0.164996773,0.519300251,0.691544707,0.141056813,3.214867803
0.00034017,0.223143551,0.161290323,0,0.080991925,0.422123187,0.263710106,0.32814572,0.122602322,0.164996773,0.519300251,0.693147181,0.129002666,3.250374492
0.000328035,0.223143551,0.161290323,0,0.080991925,0.405017924,0.372309044,0.32814572,0.122602322,0.164996773,0.519300251,0.685223389,0.147982214,3.173878459
0.00049746,0,0.147727273,0,0.123709654,0.432993539,0.381493142,0.286601639,0.083381609,0.108409299,0.487143139,0.693147181,0.196976342,3.214867803
0.0005734,0,0.147727273,0,0.123709654,0.462502873,0.436891921,0.262995712,0.083381609,0.108409299,0.487143139,0.687330711,0.12438372,3.317815773
0.000511952,0,0.147727273,0,0.123709654,0.385401861,0.360888505,0.262261433,0.083381609,0.108409299,0.487143139,0.691999212,0.267825636,3.157000421
0.000732452,0,0.147727273,0,0.123709654,0.399121983,0.441538462,0.213551366,0.083381609,0.108409299,0.487143139,0.690938379,0.169873167,3.144152279
0.000564975,0,0.10813783,0,0.193913913,0.506986111,0.619989402,0.18932321,0.042559614,0.147037107,0.440311839,0.693147181,0.098965942,3.202746443
0.000524759,0,0.10813783,0,0.193913913,0.515261069,0.482413435,0.188781262,0.042559614,0.147037107,0.440311839,0.692087564,0.10395224,3.391147046
0.000455331,0,0.10813783,0,0.193913913,0.436467056,0.501305684,0.164223411,0.042559614,0.147037107,0.440311839,0.687178523,0.178450941,3.161246712
0.000370843,0,0.10813783,0,0.193913913,0.434979883,0.548817665,0.164207979,0.042559614,0.147037107,0.440311839,0.688914624,0.164269604,3.135494216
0.000401291,0.246860078,0.534457478,0,0.150617107,0.439558249,0.420118633,0.207532511,0.122602322,0.147037107,0.467340512,0.690761463,0.163332616,3.173878459
0.000252076,0.246860078,0.534457478,0,0.150617107,0.410625177,0.237255658,0.207532511,0.122602322,0.147037107,0.467340512,0.692428278,0.116555891,3.258096538
0.000411515,0.246860078,0.534457478,0,0.150617107,0.41544263,0.568841891,0.203764299,0.122602322,0.147037107,0.467340512,0.693147181,0.218718765,3.072693315
0.00129982,0,0.089076246,0,0.116410352,0.461899409,0.448139146,0.194838861,0.042559614,0.156873252,0.453917491,0.642832834,0.12730343,3.380994674
0.001221241,0,0.089076246,0,0.116410352,0.404506611,0.522904796,0.194838861,0.042559614,0.156873252,0.453917491,0.68673451,0.235211718,3.109060959
0.001286237,0,0.089076246,0,0.116410352,0.622599711,0.561232841,0.194838861,0.042559614,0.156873252,0.453917491,0.693147181,0.066192781,3.681351188
0.000848803,0,0.089076246,0,0.116410352,0.596667511,0.300219015,0.194838861,0.042559614,0.156873252,0.453917491,0.688889301,0.049525729,3.802208139
0.000699767,0,0.089076246,0,0.116410352,0.553107369,0.478591774,0.194838861,0.042559614,0.156873252,0.453917491,0.693147181,0.116064611,3.532225644
0.001598589,0,0.296920821,0,0.245122458,0.474138583,0.583888471,0.139656373,0.16034265,0.319147453,0.63285495,0.690445466,0.192433977,3.349904087
0.001213158,0,0.296920821,0,0.245122458,0.480558006,0.53322982,0.145829403,0.16034265,0.319147453,0.63285495,0.691481565,0.151782694,3.314186005
0.002497052,0,0.296920821,0,0.245122458,0.434979883,0.614990781,0.134653806,0.16034265,0.319147453,0.63285495,0.163579943,0.21960529,2.975529566
0.002304752,0,0.296920821,0,0.245122458,0.40117669,0.626065091,0.134653806,0.16034265,0.319147453,0.63285495,0.690078783,0.27999532,3.010620886
0.001496914,0,0.296920821,0,0.245122458,0.405017924,0.640280749,0.111034175,0.16034265,0.319147453,0.63285495,0.687825161,0.256574058,3.04927304
0.001418575,0,0.296920821,0,0.245122458,0.363796488,0.676008355,0.08514092,0.16034265,0.319147453,0.63285495,0.689547487,0.341269918,3.020424886
0.001851496,0,0.296920821,0,0.245122458,0.361796888,0.650542788,0.093797039,0.16034265,0.319147453,0.63285495,0.691595218,0.383330846,3.020424886
0.0014023,0,0.296920821,0,0.245122458,0.399892993,0.613876574,0.086434533,0.16034265,0.319147453,0.63285495,0.681467457,0.29346005,3.063390922
0.001366944,0,0.296920821,0,0.245122458,0.443501083,0.678101501,0.112002108,0.16034265,0.319147453,0.63285495,0.691052093,0.25529228,3.034952987
0.002887928,0,0.296920821,0,0.245122458,0.412910022,0.646774278,0.121082558,0.16034265,0.319147453,0.63285495,0.685972886,0.323058805,3.015534901
0.00114142,0,0.296920821,0,0.245122458,0.408589812,0.425516757,0.139656373,0.16034265,0.319147453,0.63285495,0.688838654,0.270776734,3.122364924
0.001061818,0,0.350073314,0,0.287682072,0.472706431,0.59360561,0.131692822,0.196710294,0.383599285,0.440311839,0.691494194,0.209138654,3.169685581
0.001313851,0,0.350073314,0,0.287682072,0.372019346,0.655901858,0.10551782,0.196710294,0.383599285,0.440311839,0.690685633,0.336156829,2.985681938
0.002422603,0,0.350073314,0,0.287682072,0.395387031,0.669175215,0.121316168,0.196710294,0.383599285,0.440311839,0.693147181,0.353358191,2.980618636
0.001527328,0,0.350073314,0,0.287682072,0.416074782,0.608286845,0.097557048,0.196710294,0.383599285,0.440311839,0.682805932,0.215609724,2.970414466
0.001853067,0,0.350073314,0,0.287682072,0.373998631,0.630460702,0.114454343,0.196710294,0.383599285,0.440311839,0.625352233,0.327244997,2.960105096
0.001406902,0,0.350073314,0,0.287682072,0.406167423,0.540454414,0.135877029,0.196710294,0.383599285,0.440311839,0.688598042,0.250363523,3.100092289
0.001624623,0,0.350073314,0,0.287682072,0.386183518,0.599277775,0.137249386,0.196710294,0.383599285,0.440311839,0.690129368,0.212267848,3.005682604
0.001395678,0,0.350073314,0,0.287682072,0.366589229,0.544047233,0.115621507,0.196710294,0.383599285,0.440311839,0.616843042,0.31945664,3.063390922
0.001554823,0,0.350073314,0,0.287682072,0.347686595,0.495675391,0.138184365,0.196710294,0.383599285,0.440311839,0.686315689,0.28353441,3.010620886
0.000704148,0,0.923387097,0,0.338821034,0.36632359,0.52351511,0.097656022,0.042559614,0.001906578,0.52560942,0.683328088,0.299204834,3.135494216
0.000734024,0,0.923387097,0,0.338821034,0.383967234,0.60772615,0.092670419,0.042559614,0.001906578,0.52560942,0.668603644,0.297156912,3.058707073
0.000973676,0,0.923387097,0,0.338821034,0.378339315,0.655901858,0.083469266,0.042559614,0.001906578,0.52560942,0.669146182,0.369506178,3.068052935
0.00161789,0,0.923387097,0,0.338821034,0.364462134,0.677578625,0.071477151,0.042559614,0.001906578,0.52560942,0.659048232,0.502846858,2.90690106
0.001035432,0,0.923387097,0,0.338821034,0.367518412,0.671282697,0.076704033,0.042559614,0.001906578,0.52560942,0.670810709,0.362809511,2.985681938
0.001827039,0,0.923387097,0,0.338821034,0.381615214,0.631556593,0.075574842,0.042559614,0.001906578,0.52560942,0.678055814,0.308166197,3.109060959
0.004273541,0,0.923387097,0,0.338821034,0.331588021,0.670229511,0.055501525,0.042559614,0.001906578,0.52560942,0.644568175,0.533254329,2.815408719
0.002837718,0,0.785557185,0,0.399963031,0.342530546,0.672334775,0.058173336,0.122602322,0.390080189,0.649662069,0.687089737,0.3552943,2.844909384
0.003580303,0,0.785557185,0,0.399963031,0.438199301,0.686948814,0.060247439,0.122602322,0.390080189,0.649662069,0.693147181,0.319857522,2.944438979
0.009785963,0,0.785557185,0,0.399963031,0.334883369,0.665476399,0.074478138,0.122602322,0.390080189,0.649662069,0.693147181,0.377294231,2.727852828
0.003744139,0,0.785557185,0,0.399963031,0.441531609,0.687466814,0.086109201,0.122602322,0.390080189,0.649662069,0.690799376,0.262321812,3.005682604
0.013249164,0,0.785557185,0,0.399963031,0.425133726,0.681233028,0.098752328,0.122602322,0.390080189,0.649662069,0.693147181,0.255078491,3.025291076
0.006539555,0,0.785557185,0,0.399963031,0.430878715,0.682274694,0.103388016,0.122602322,0.390080189,0.649662069,0.679002529,0.230401914,3.17805383
0.003629468,0,0.785557185,0,0.399963031,0.359926979,0.669175215,0.115005673,0.122602322,0.390080189,0.649662069,0.682742235,0.312616943,2.965273066
0.010841894,0,0.785557185,0,0.399963031,0.351199163,0.684874124,0.104912107,0.122602322,0.390080189,0.649662069,0.507876097,0.357612694,2.809402695
0.006179147,0,0.785557185,0,0.399963031,0.426260346,0.683835163,0.085458219,0.122602322,0.390080189,0.649662069,0.690331682,0.350835632,2.949688335
0.003549055,0,0.785557185,0,0.399963031,0.375842435,0.659103568,0.07338023,0.122602322,0.390080189,0.649662069,0.669352785,0.349669225,2.912350665
0.003881526,0,0.785557185,0,0.399963031,0.441038634,0.684874124,0.063435898,0.122602322,0.390080189,0.649662069,0.689585446,0.303695554,2.895911938
0.002732919,0,0.785557185,0,0.399963031,0.364595211,0.683835163,0.047850497,0.122602322,0.390080189,0.649662069,0.687000942,0.432147878,2.660259537
0.006031015,0,0.785557185,0,0.399963031,0.402971102,0.682274694,0.047859166,0.122602322,0.390080189,0.649662069,0.693147181,0.379562234,2.93385687
0.003193506,0,0.785557185,0,0.399963031,0.405912093,0.659636191,0.042923287,0.122602322,0.390080189,0.649662069,0.681964814,0.481765042,2.708050201
0.018070231,0,0.785557185,0,0.399963031,0.246362972,0.693147181,0.027782055,0.122602322,0.390080189,0.649662069,0.693147181,0.64278293,2.734367509
0.036579503,0,0.700879765,0.693147181,0.693147181,0.302280872,0.693147181,0.017308801,0.16034265,0.345158502,0.201637346,0.693147181,0.526105638,2.667228207
0.044956877,0,0.700879765,0,0.693147181,0.311444255,0.693147181,0.025338041,0.16034265,0.345158502,0.201637346,0.693147181,0.519562183,2.809402695
0.030696574,0,0.700879765,0,0.693147181,0.228837218,0.681753997,0.019478241,0.16034265,0.345158502,0.201637346,0.693147181,0.565589709,2.549445171
0.026322671,0,0.700879765,0,0.693147181,0.400278275,0.693147181,0.025985046,0.16034265,0.345158502,0.201637346,0.361301373,0.541958445,2.694627181
0.023864179,0,0.700879765,0,0.693147181,0.333648886,0.693147181,0.034586662,0.16034265,0.345158502,0.201637346,0.354885558,0.344794496,2.809402695
0.026205304,0,0.700879765,0,0.693147181,0.232336651,0.670756243,0.02967295,0.16034265,0.345158502,0.201637346,0.686582232,0.569344407,2.747270914
0.025793207,0,0.700879765,0,0.693147181,0.271066543,0.660700588,0.035727974,0.16034265,0.345158502,0.201637346,0.641519392,0.550269185,2.93385687
0.030197558,0,0.700879765,0,0.693147181,0.329385074,0.6665346,0.035385717,0.16034265,0.345158502,0.201637346,0.63467224,0.434473669,2.797281335
0.018378819,0,0.700879765,0,0.693147181,0.399250526,0.679146433,0.043454542,0.16034265,0.345158502,0.201637346,0.662291204,0.29366579,3.113515309
0.016608552,0,0.700879765,0,0.693147181,0.302422485,0.693147181,0.041153306,0.16034265,0.345158502,0.201637346,0.620876319,0.276652931,3.025291076
0.012512839,0,0.700879765,0.693147181,0.693147181,0.245314047,0.62936361,0.042775182,0.16034265,0.345158502,0.201637346,0.623150585,0.25208063,2.791165108
0.023799755,0,0.700879765,0,0.693147181,0.344704755,0.6853932,0.043907192,0.16034265,0.345158502,0.201637346,0.506646243,0.327841596,3.015534901
0.015696461,0,0.700879765,0.693147181,0.693147181,0.400149864,0.672334775,0.054830303,0.16034265,0.345158502,0.201637346,0.592588494,0.314432008,2.890371758
0.038895299,0,0.700879765,0.693147181,0.693147181,0.403099151,0.599277775,0.054494523,0.16034265,0.345158502,0.201637346,0.199764816,0.312415065,2.809402695
0.027059622,0,0.700879765,0,0.693147181,0.283554001,0.661763852,0.053710598,0.16034265,0.345158502,0.201637346,0.201044275,0.33477575,2.646174797
0.013588959,0,0.700879765,0,0.373406614,0.499572663,0.67966849,0.065780146,0.16034265,0.345158502,0.201637346,0.650032669,0.075958986,3.744787086
0.014910447,0,0.700879765,0,0.373406614,0.392026552,0.693147181,0.055510127,0.16034265,0.345158502,0.201637346,0.6373954,0.121944099,3.230804396
0.015820046,0,0.700879765,0,0.693147181,0.447918268,0.693147181,0.056249664,0.16034265,0.345158502,0.201637346,0.651190366,0.145122346,3.19047635
0.014141879,0,0.700879765,0.693147181,0.373406614,0.415569093,0.65429715,0.059039497,0.16034265,0.345158502,0.201637346,0.617237581,0.098965942,3.33220451
0.016244125,0,0.700879765,0,0.373406614,0.561120144,0.64461445,0.073718176,0.16034265,0.345158502,0.201637346,0.664408431,0,3.931825633
0.020331994,0,0.700879765,0.693147181,0.373406614,0.59476657,0.683835163,0.079597028,0.16034265,0.345158502,0.201637346,0.683913598,0.00522913,3.931825633
0.016859461,0,0.700879765,0.693147181,0.373406614,0.653573847,0.661232361,0.089731926,0.16034265,0.345158502,0.201637346,0.682436437,0.042938957,3.931825633
0.024821922,0,0.700879765,0,0.373406614,0.364195929,0.650005298,0.11111555,0.16034265,0.345158502,0.201637346,0.690887835,0.24173348,3.165475048
0.03226777,0,0.700879765,0,0.373406614,0.396547647,0.656436189,0.099773366,0.16034265,0.345158502,0.201637346,0.472980937,0.201272561,3.258096538
0.022273118,0,0.700879765,0,0.373406614,0.608102201,0.673385747,0.080033614,0.16034265,0.345158502,0.201637346,0.657729806,0.05293378,3.931825633
0.019963083,0,0.700879765,0,0.373406614,0.367253019,0.579859689,0.111432849,0.16034265,0.345158502,0.201637346,0.453064227,0.252509446,3.210843653
0.025458082,0,0.700879765,0,0.373406614,0.424256588,0.672860399,0.084564515,0.16034265,0.345158502,0.201637346,0.558657136,0.22996351,3.210843653
0.027090799,0,0.700879765,0,0.373406614,0.434607744,0.668119805,0.09805182,0.16034265,0.345158502,0.201637346,0.605085366,0.234775417,3.148453361
0.01340976,0,0.700879765,0,0.373406614,0.366987556,0.664946878,0.111432849,0.16034265,0.345158502,0.201637346,0.551710151,0.300431577,2.912350665
0.025605993,0,0.700879765,0,0.373406614,0.367651082,0.679146433,0.108402198,0.16034265,0.345158502,0.201637346,0.629687305,0.250148677,3.000719815
0.001491752,0,0.13159824,0,0.228888335,0.325933224,0.632104088,0.125182934,0.16034265,0.188978738,0.354545018,0.693147181,0.305730142,3.18221184
0.000960089,0,0.13159824,0,0.228888335,0.43634321,0.60772615,0.129202638,0.16034265,0.188978738,0.354545018,0.691380529,0.183746222,3.202746443
0.000878002,0,0.13159824,0,0.228888335,0.36486131,0.51739514,0.133635962,0.16034265,0.188978738,0.354545018,0.688509381,0.197429446,3.161246712
0.000677753,0,0.13159824,0,0.228888335,0.452316028,0.27080513,0.167305173,0.16034265,0.188978738,0.354545018,0.685629966,0.094707952,3.414442608
0.000717963,0,0.13159824,0,0.228888335,0.386053284,0.375851378,0.199296638,0.16034265,0.188978738,0.354545018,0.688509381,0.208018708,3.186352633
0.000538577,0,0.13159824,0,0.228888335,0.423755021,0.545838813,0.181451236,0.16034265,0.188978738,0.354545018,0.691506822,0.1185186,3.242592351
0.000675281,0,0.13159824,0,0.228888335,0.489875759,0.55178767,0.150471456,0.16034265,0.188978738,0.354545018,0.686023679,0.133841775,3.430756184
0.000578455,0,0.073313783,0,0.19221756,0.503865262,0.452078744,0.143697198,0.083381609,0.011385322,0.440311839,0.693147181,0.087402213,3.642835516
0.000669216,0,0.073313783,0,0.19221756,0.590847697,0.603229234,0.136741912,0.083381609,0.011385322,0.440311839,0.691456307,0.149171416,3.708682081
0.000702912,0,0.073313783,0,0.19221756,0.402074298,0.476675453,0.125327347,0.083381609,0.011385322,0.440311839,0.693147181,0.193116648,3.616308761
0.000951667,0,0.073313783,0,0.19221756,0.523922091,0.652153527,0.133532529,0.083381609,0.011385322,0.440311839,0.689636056,0.081824105,3.660994251
0.001053285,0,0.073313783,0,0.19221756,0.454386044,0.670229511,0.145113929,0.083381609,0.011385322,0.440311839,0.693147181,0.103454727,3.511545439
0.000862392,0,0.073313783,0,0.19221756,0.33034946,0.639194382,0.156134984,0.083381609,0.011385322,0.440311839,0.685680776,0.29119411,3.310543013
0.000608448,0,0.073313783,0,0.19221756,0.403227184,0.518008826,0.178580181,0.083381609,0.011385322,0.440311839,0.68072734,0.27392899,3.421000009
0.00055846,0,0.073313783,0,0.19221756,0.59782742,0.420118633,0.172438288,0.083381609,0.011385322,0.440311839,0.687749108,0.072371998,3.931825633
0.000813765,0.371563556,0.109237537,0,0.101649936,0.480676496,0.33175316,0.216558248,0.16034265,0.338378815,0.244196961,0.689319703,0.128032027,3.496507561
0.001341913,0.371563556,0.109237537,0,0.101649936,0.453534203,0.238879035,0.27197312,0.16034265,0.338378815,0.244196961,0.675261621,0.075191428,3.42751469
0.000869355,0.371563556,0.109237537,0,0.101649936,0.527320373,0.31535935,0.27197312,0.16034265,0.338378815,0.244196961,0.693147181,0.096212843,3.580737295
0.000947737,0.371563556,0.109237537,0,0.101649936,0.500502355,0.175259259,0.396437097,0.16034265,0.338378815,0.244196961,0.668616565,0.08891813,3.63758616
0.000705496,0.371563556,0.109237537,0,0.101649936,0.475568687,0.252572362,0.396437097,0.16034265,0.338378815,0.244196961,0.684040838,0.078513266,3.449987546
0.00090237,0.371563556,0.109237537,0,0.101649936,0.526528473,0.215908378,0.396437097,0.16034265,0.338378815,0.244196961,0.68503275,0.030972321,3.621670704
0.000174763,0.470003629,0.090542522,0,0.032391496,0.482806926,0.0696106,0.380391861,0,0.138765761,0.276986783,0.688686695,0.087149337,3.46885603
9.07E-05,0.470003629,0.090542522,0,0.032391496,0.459360876,0.151646443,0.380391861,0,0.138765761,0.276986783,0.667349515,0.070573667,3.404525172
8.42E-05,0.587786665,0,0,0.07337284,0.602453651,0.262126575,0.344239,0.122602322,0.122014951,0.175204089,0.68977522,0.033643976,3.931825633
0.000379719,0.587786665,0.038856305,0,0.038349805,0.538788904,0.278629896,0.445917112,0.042559614,0.239797986,0,0.693147181,0.062829694,3.535145354
0.000453309,0.587786665,0.038856305,0,0.038349805,0.518460706,0.297928064,0.445917112,0.042559614,0.239797986,0,0.637955132,0.173823445,3.443618098
0.000352417,0.587786665,0.038856305,0,0.038349805,0.537334521,0.31084127,0.445917112,0.042559614,0.239797986,0,0.68720389,0.126574301,3.572345638
0.000282977,0.667829373,0.03702346,0,0.036367644,0.503286257,0.120183174,0.465769624,0.083381609,0.343806237,0.383958903,0.693147181,0.075191428,3.580737295
0.000128799,0.667829373,0.03702346,0,0.036367644,0.521650138,0.107315349,0.465769624,0.083381609,0.343806237,0.383958903,0.677133825,0.072371998,3.523415014
0.000316124,0.601579987,0.05755132,0,0.059898142,0.404378742,0.311595702,0.383519948,0.042559614,0.267927154,0.201637346,0.689193133,0.146076544,3.222867846
0.000173639,0.601579987,0.05755132,0,0.059898142,0.574261794,0.123829486,0.383519948,0.042559614,0.267927154,0.201637346,0.691228957,0.037372343,3.768152635
0.000323428,0.667829373,0.081378299,0,0.062027656,0.600143211,0.271590368,0.309456306,0.122602322,0.068229221,0.201637346,0.68793923,0.055808472,3.90197267
0.00015476,0.667829373,0.081378299,0,0.062027656,0.61899499,0.261333868,0.309456306,0.122602322,0.068229221,0.201637346,0.68510901,0.031239808,3.931825633
0.001461225,0,0.371334311,0,0.193913913,0.369109291,0.182149898,0.227975044,0.122602322,0.158503244,0.49365782,0.693147181,0.224907998,3.161246712
0.002507479,0,0.371334311,0,0.193913913,0.425133726,0.41264831,0.257190709,0.122602322,0.158503244,0.49365782,0.690584517,0.227109188,3.234749174
0.002757466,0,0.371334311,0,0.193913913,0.354699436,0.541653455,0.257190709,0.122602322,0.158503244,0.49365782,0.683684526,0.371982134,3.157000421
0.001455052,0,0.371334311,0.693147181,0.193913913,0.391767585,0.456655411,0.249022269,0.122602322,0.158503244,0.49365782,0.673308746,0.3051202,3.234749174
0.004814631,0,0.371334311,0.693147181,0.193913913,0.29389001,0.693147181,0.222865252,0.122602322,0.158503244,0.49365782,0.693147181,0.463359087,3.044522438
0.00188807,0,0.371334311,0.693147181,0.193913913,0.378208055,0.651616902,0.223018054,0.122602322,0.158503244,0.49365782,0.688534714,0.356840493,3.122364924
0.004144043,0,0.371334311,0.693147181,0.193913913,0.302422485,0.632651284,0.207466005,0.122602322,0.158503244,0.49365782,0.691052093,0.478692318,3.010620886
0.002367324,0,0.371334311,0.693147181,0.193913913,0.357919618,0.421470898,0.206549259,0.122602322,0.158503244,0.49365782,0.68560456,0.332601621,3.152736022
0.001507239,0,0.371334311,0,0.193913913,0.431252245,0.264500933,0.227975044,0.122602322,0.158503244,0.49365782,0.679066464,0.191523023,3.370738174
0.003178381,0,0.371334311,0,0.193913913,0.303554667,0.068649524,0.201722505,0.122602322,0.158503244,0.49365782,0.630761433,0.569656663,3.206803244
0.002152344,0,0.371334311,0,0.193913913,0.406933022,0.341315572,0.227975044,0.122602322,0.158503244,0.49365782,0.689015909,0.193571504,3.258096538
0.0004414,0,0.492302053,0.693147181,0.292301018,0.368711809,0.436226364,0.16575007,0.16034265,0.156873252,0.33950714,0.687964577,0.28145411,3.19047635
0.000716952,0,0.492302053,0,0.292301018,0.463949702,0.613319005,0.189278059,0.16034265,0.156873252,0.33950714,0.68793923,0.198561308,3.391147046
0.001172406,0,0.492302053,0.693147181,0.292301018,0.377025945,0.660700588,0.14843537,0.16034265,0.156873252,0.33950714,0.693147181,0.369315465,3.113515309
0.001212372,0,0.492302053,0.693147181,0.292301018,0.431003241,0.653225913,0.184918914,0.16034265,0.156873252,0.33950714,0.689155159,0.216721206,3.17805383
0.003946014,0,0.210410557,0.693147181,0.223966258,0.500502355,0.632104088,0.14626944,0.265703166,0.206207042,0.412532275,0.686569541,0.199013694,3.321432413
0.00450138,0,0.210410557,0.693147181,0.223966258,0.404634464,0.647313507,0.16079924,0.265703166,0.206207042,0.412532275,0.691052093,0.434652352,3.122364924
0.006913674,0,0.210410557,0.693147181,0.223966258,0.492103845,0.571171537,0.178001935,0.265703166,0.206207042,0.412532275,0.684905637,0.203976484,3.349904087
0.006814771,0,0.210410557,0,0.223966258,0.461053947,0.589044599,0.178001935,0.265703166,0.206207042,0.412532275,0.693147181,0.150121761,3.437207819
0.00346718,0,0.210410557,0,0.219019834,0.642650253,0.574655861,0.148835083,0.265703166,0.206207042,0.412532275,0.678094212,0.064383294,3.824284091
0.005834477,0,0.210410557,0,0.219019834,0.687864041,0.601537663,0.148835083,0.265703166,0.206207042,0.412532275,0.674182872,0.076981481,3.931825633
0.00421523,0,0.210410557,0,0.219019834,0.619613866,0.621096822,0.173700263,0.265703166,0.206207042,0.412532275,0.681071945,0.037903834,3.653252276
0.004553633,0,0.210410557,0,0.219019834,0.52482943,0.583888471,0.173700263,0.265703166,0.206207042,0.412532275,0.661354557,0.120232816,3.484312288
0.003275179,0,0.210410557,0,0.219019834,0.582428613,0.135589007,0.185810388,0.265703166,0.206207042,0.412532275,0.668396886,0.058674923,3.864931398
0.004882526,0,0.210410557,0,0.219019834,0.453047111,0.174394581,0.185810388,0.265703166,0.206207042,0.412532275,0.672047631,0.054502818,3.481240089
0.005946997,0,0.210410557,0,0.219019834,0.380960892,0.513705099,0.207946222,0.265703166,0.206207042,0.412532275,0.669481891,0.241950141,3.230804396
0.005119397,0,0.210410557,0,0.219019834,0.552666451,0.566506806,0.207946222,0.265703166,0.206207042,0.412532275,0.666624764,0.092697901,3.487375078
0.006374724,0,0.210410557,0,0.223966258,0.649779155,0.545241976,0.22019839,0.265703166,0.206207042,0.412532275,0.679194322,0.020213745,3.75419892
0.003647946,0,0.210410557,0,0.223966258,0.640733867,0.527776913,0.206497482,0.265703166,0.206207042,0.412532275,0.670256174,0.059455259,3.897924081
0.004951088,0,0.210410557,0.693147181,0.223966258,0.474019315,0.503797897,0.206497482,0.265703166,0.206207042,0.412532275,0.645771871,0.160751364,3.401197382
0.003636523,0,0.210410557,0,0.223966258,0.394612537,0.472189704,0.206497482,0.265703166,0.206207042,0.412532275,0.667414199,0.225128335,3.218875825
0.005763517,0,0.210410557,0.693147181,0.223966258,0.462623522,0.564166255,0.242536175,0.265703166,0.206207042,0.412532275,0.682436437,0.195161871,3.261935314
0.00566573,0,0.210410557,0,0.223966258,0.546694964,0.535040867,0.242536175,0.265703166,0.206207042,0.412532275,0.684498765,0.079533154,3.481240089
0.000855205,0.262364264,0.163856305,0,0.084779808,0.44436151,0.148988046,0.378543932,0.196710294,0.195277971,0.354545018,0.670849386,0.120232816,3.206803244
0.000968398,0.262364264,0.163856305,0,0.084779808,0.459602919,0.33985037,0.378543932,0.196710294,0.195277971,0.354545018,0.676467414,0.144644905,3.19047635
0.001201595,0.262364264,0.163856305,0,0.084779808,0.494210095,0.424843583,0.387607682,0.196710294,0.195277971,0.354545018,0.685998283,0.236083747,3.135494216
0.001121099,0.262364264,0.163856305,0,0.084779808,0.395774053,0.495047842,0.387607682,0.196710294,0.195277971,0.354545018,0.690268463,0.258067391,3.04927304
0.001084947,0.262364264,0.163856305,0,0.084779808,0.429133732,0.415371252,0.429865874,0.196710294,0.195277971,0.354545018,0.662226187,0.232591056,3.144152279
0.001361893,0.262364264,0.163856305,0,0.084779808,0.433490495,0.049231438,0.429865874,0.196710294,0.195277971,0.354545018,0.664771676,0.091187707,3.206803244
0.002242737,0.198850859,0.197947214,0,0.090434865,0.328833578,0.564166255,0.482831456,0.231801614,0.241298362,0.52560942,0.661888033,0.260196864,2.923161581
0.002077309,0.198850859,0.197947214,0,0.090434865,0.330487154,0.526561107,0.482831456,0.231801614,0.241298362,0.52560942,0.683302624,0.379562234,2.970414466
0.003741564,0.198850859,0.197947214,0,0.090434865,0.397449419,0.284845923,0.48846023,0.231801614,0.241298362,0.52560942,0.684638646,0.186497886,3.230804396
0.002136081,0.198850859,0.197947214,0,0.090434865,0.412529577,0.579859689,0.48846023,0.231801614,0.241298362,0.52560942,0.666624764,0.208914765,3.068052935
0.001775092,0.198850859,0.197947214,0,0.090434865,0.43844652,0.38919896,0.475600881,0.231801614,0.241298362,0.52560942,0.664771676,0.194707739,3.238678452
0.002070579,0.198850859,0.197947214,0,0.090434865,0.473064661,0.140075331,0.475600881,0.231801614,0.241298362,0.52560942,0.689155159,0.125114447,3.303216973
0.00150477,0.198850859,0.197947214,0,0.090434865,0.445098429,0.098954873,0.451009994,0.231801614,0.241298362,0.52560942,0.692365191,0.108913798,3.234749174
0.002332562,0.198850859,0.197947214,0,0.090434865,0.4390643,0.059958016,0.451009994,0.231801614,0.241298362,0.52560942,0.667828079,0.050050801,3.250374492
0.000852622,0.198850859,0.197947214,0,0.090434865,0.501199057,0.039379142,0.534859519,0.231801614,0.241298362,0.52560942,0.679424425,0.048474757,3.421000009
0.004067478,0.198850859,0.197947214,0,0.090434865,0.641944644,0.055096557,0.534859519,0.231801614,0.241298362,0.52560942,0.693147181,0.048737603,3.779633817
0.000470498,0.587786665,0.116568915,0,0.01430055,0.397449419,0.262126575,0.551425495,0,0.218552878,0.33950714,0.688078631,0.125357904,3.131136911
0.000327698,0.587786665,0.116568915,0,0.01430055,0.367120297,0.154297793,0.551425495,0,0.218552878,0.33950714,0.690976285,0.188556677,3.086486637
0.000101827,0.641853886,0.120601173,0,0.018349139,0.557286413,0.279409016,0.387607682,0.083381609,0.103259073,0.300892304,0.679743924,0.037372343,3.80666249
0.006779494,0.182321557,0.128665689,0,0.431194354,0.685839456,0.62330799,0.059262348,0.16034265,0.13710325,0.041672696,0.684028114,0.089422926,3.931825633
0.007359509,0.182321557,0.128665689,0,0.431194354,0.543918264,0.693147181,0.067252079,0.16034265,0.13710325,0.041672696,0.675839044,0.154623605,3.610917913
0.007282967,0.182321557,0.128665689,0,0.431194354,0.487760351,0.693147181,0.077074535,0.16034265,0.13710325,0.041672696,0.686861391,0.133358916,3.437207819
0.005981745,0.182321557,0.128665689,0,0.431194354,0.529353812,0.59474262,0.085575093,0.16034265,0.13710325,0.041672696,0.687964577,0.196296301,3.549617387
0.005914818,0.182321557,0.128665689,0,0.431194354,0.564503503,0.637018103,0.087884727,0.16034265,0.13710325,0.041672696,0.682334483,0.142014897,3.786459782
0.0057586,0.182321557,0.128665689,0,0.431194354,0.655863659,0.648391093,0.100193007,0.16034265,0.13710325,0.041672696,0.680408155,0.109161231,3.908014984
0.009162583,0.182321557,0.128665689,0,0.431194354,0.543250708,0.664417077,0.08279145,0.16034265,0.13710325,0.041672696,0.688750014,0.233246866,3.465735903
0.006093019,0.182321557,0.128665689,0,0.431194354,0.529692317,0.648929451,0.070265753,0.16034265,0.13710325,0.041672696,0.681722542,0.161925486,3.624340933
0.008453558,0.182321557,0.128665689,0,0.431194354,0.324272094,0.48050443,0.075035076,0.16034265,0.13710325,0.041672696,0.687457517,0.215609724,3.169685581
0.008721897,0.182321557,0.128665689,0,0.431194354,0.507793632,0.610526487,0.087309901,0.16034265,0.13710325,0.041672696,0.676839121,0.3077606,3.456316681
0.006408787,0.182321557,0.128665689,0,0.329984452,0.645769125,0.506904455,0.111083001,0.16034265,0.13710325,0.041672696,0.677441249,0.146314952,3.931825633
0.005986102,0.182321557,0.128665689,0,0.329984452,0.5590408,0.413329741,0.147078289,0.16034265,0.13710325,0.041672696,0.684791221,0.038700541,3.795489189
0.0009474,0.182321557,0.238269795,0.693147181,0.150617107,0.3729435,0.472189704,0.225953121,0.083381609,0.066445099,0.49365782,0.686112561,0.28436532,3.077312261
0.003286046,0.182321557,0.238269795,0,0.150617107,0.364462134,0.339116963,0.262387348,0.083381609,0.066445099,0.49365782,0.682691275,0.270776734,3.095577609
0.001749511,0.182321557,0.238269795,0,0.150617107,0.41430375,0.129274146,0.262387348,0.083381609,0.066445099,0.49365782,0.693147181,0.12584464,3.265759411
0.001216301,0.182321557,0.238269795,0,0.150617107,0.451340418,0.454042738,0.225953121,0.083381609,0.066445099,0.49365782,0.690698272,0.153204158,3.234749174
0.002419912,0.182321557,0.238269795,0.693147181,0.150617107,0.582963573,0.407865246,0.258006003,0.083381609,0.066445099,0.49365782,0.685388581,0.125601302,3.589059119
0.000563178,0.336472237,0.218108504,0.693147181,0.120066663,0.477828843,0.269232803,0.237500435,0.122602322,0.120324333,0.426518517,0.693147181,0.048474757,3.5085559
0.001007923,0.336472237,0.218108504,0,0.120066663,0.48917112,0.344239551,0.251012277,0.122602322,0.120324333,0.426518517,0.693147181,0.03391075,3.496507561
0.001105044,0.336472237,0.218108504,0.693147181,0.120066663,0.536550515,0.388500879,0.287134041,0.122602322,0.120324333,0.426518517,0.683455402,0.112618878,3.532225644
0.000617434,0.336472237,0.218108504,0.693147181,0.120066663,0.485876224,0.22663898,0.292279604,0.122602322,0.120324333,0.426518517,0.688788003,0.064900624,3.529297384
0.000825332,0.336472237,0.218108504,0,0.120066663,0.444484367,0.262918654,0.241986625,0.122602322,0.120324333,0.426518517,0.693147181,0.140337648,3.404525172
0.002290959,0.182321557,0.105205279,0,0.112556783,0.484224696,0.263710106,0.239155584,0.16034265,0.053866317,0.218879153,0.693147181,0.082586591,3.586292865
0.000331068,0.182321557,0.105205279,0,0.112556783,0.596667511,0.491274252,0.280801981,0.16034265,0.053866317,0.218879153,0.680982614,0.054502818,3.837299459
0.000345338,0.182321557,0.105205279,0,0.112556783,0.502475086,0.302504731,0.317875715,0.16034265,0.053866317,0.218879153,0.687241938,0.075958986,3.594568775
0.000617659,0.182321557,0.105205279,0.693147181,0.112556783,0.578031116,0.393377239,0.315702896,0.16034265,0.053866317,0.218879153,0.667828079,0.034710643,3.850147602
9.77E-05,0.641853886,0.027492669,0.693147181,0.032391496,0.607476158,0.203382118,0.359372971,0,0.020775063,0.101096117,0.691405789,0.038700541,3.931825633
3.08E-05,0.641853886,0.092008798,0,0.030397477,0.51629064,0.169190753,0.445818133,0,0.171448408,0.252495763,0.690394897,0.15604104,3.502549876
5.22E-05,0.438254931,0.065615836,0,0.008196767,0.440915352,0.261333868,0.445818133,0,0.195277971,0.252495763,0.690394897,0.164971769,3.135494216
0.000149815,0.587786665,0.047653959,0,0,0.413036805,0.25815674,0.544533466,0,0.098082184,0.467340512,0.620876319,0.269302274,3.04927304
0.00036399,0.42199441,0.178152493,0,0.040328045,0.410370983,0.256564383,0.4463944,0.196710294,0.184228135,0.354545018,0.693147181,0.139137887,3.186352633
0.000444771,0.42199441,0.178152493,0,0.040328045,0.423755021,0.364471455,0.4463944,0.196710294,0.184228135,0.354545018,0.693147181,0.150121761,3.148453361
0.000411852,0.42199441,0.178152493,0,0.040328045,0.454629293,0.187286895,0.4463944,0.196710294,0.184228135,0.354545018,0.660885905,0.194480595,3.250374492
0.000322529,0.587786665,0.164589443,0,0.052116001,0.48999315,0.229099006,0.30936955,0.122602322,0.104978763,0.531879033,0.693147181,0.043203263,3.384390263
0.000815,0.587786665,0.164589443,0,0.052116001,0.523127495,0.227459661,0.30936955,0.122602322,0.104978763,0.531879033,0.693147181,0.049263089,3.645449896
0.000335226,0.587786665,0.164589443,0,0.052116001,0.462502873,0.19154766,0.30936955,0.122602322,0.104978763,0.531879033,0.693147181,0.078768335,3.363841595
0.000857563,0,0.49340176,0,0.101649936,0.399892993,0.14810034,0.334804143,0.122602322,0.177858687,0.308735482,0.693147181,0.17312747,3.214867803
0.000850151,0,0.49340176,0,0.101649936,0.384619592,0.340583239,0.334804143,0.122602322,0.177858687,0.308735482,0.693147181,0.214497006,3.122364924
0.001381536,0,0.49340176,0,0.101649936,0.468277672,0.254969487,0.364148155,0.122602322,0.177858687,0.308735482,0.693147181,0.118028284,3.387774361
0.000532623,0,0.49340176,0,0.101649936,0.452681636,0.402370727,0.364148155,0.122602322,0.177858687,0.308735482,0.688027942,0.145122346,3.335769576
0.001512963,0,0.49340176,0,0.101649936,0.355639727,0.44945407,0.386613569,0.122602322,0.177858687,0.308735482,0.693147181,0.328835138,3.058707073
0.000655513,0.530628251,0.065249267,0,0.030397477,0.427510659,0.163085196,0.47567435,0.16034265,0.282420161,0.210295409,0.656344239,0.085630733,3.157000421
0.000553854,0.530628251,0.065249267,0,0.030397477,0.510902264,0.070570754,0.47567435,0.16034265,0.282420161,0.210295409,0.660703592,0.079787963,3.401197382
0.000425334,0.530628251,0.065249267,0,0.030397477,0.491166309,0.377264806,0.47567435,0.16034265,0.282420161,0.210295409,0.685502928,0.113111853,3.250374492
0.000326462,0.292669614,0.206378299,0,0.094187215,0.457664934,0.326566042,0.334088207,0.231801614,0.239797986,0.316517622,0.691696232,0.1942534,3.135494216
0.00096997,0.292669614,0.206378299,0,0.094187215,0.446080145,0.14810034,0.334088207,0.231801614,0.239797986,0.316517622,0.676249453,0.175213944,3.310543013
0.001052387,0.292669614,0.206378299,0,0.094187215,0.50409677,0.14186424,0.334088207,0.231801614,0.239797986,0.316517622,0.684956484,0.082840624,3.529297384
0.000548687,0.285178942,0.063049853,0,0.164677093,0.533071079,0.33175316,0.233505345,0.231801614,0.064657789,0.480585739,0.689079207,0.134083117,3.61361697
0.000544643,0.285178942,0.063049853,0,0.164677093,0.460812255,0.450110885,0.185425187,0.231801614,0.064657789,0.480585739,0.688674031,0.181217194,3.380994674
0.000771986,0.285178942,0.063049853,0,0.164677093,0.553548091,0.536848641,0.164755694,0.231801614,0.064657789,0.480585739,0.693147181,0.122920662,3.538056564
0.000483193,0.285178942,0.063049853,0,0.164677093,0.488583541,0.527169195,0.171174719,0.231801614,0.064657789,0.480585739,0.693147181,0.148458065,3.374168709
0.005455035,0,0.346041056,0,0.283041693,0.463105973,0.598712004,0.181451236,0.122602322,0.201537773,0.480585739,0.693147181,0.074679395,3.169685581
0.003848721,0,0.346041056,0,0.283041693,0.379782033,0.565337215,0.165010163,0.122602322,0.201537773,0.480585739,0.69231472,0.204876169,3.058707073
0.029122906,0,0.346041056,0,0.283041693,0.23944981,0.307060547,0.119009901,0.122602322,0.201537773,0.480585739,0.632799104,0.263170528,2.839078464
0.008774375,0,0.346041056,0,0.283041693,0.399250526,0.414691211,0.128723045,0.122602322,0.201537773,0.480585739,0.693147181,0.110891549,3.139832618
0.002866186,0,0.346041056,0,0.283041693,0.386443934,0.642449947,0.144090936,0.122602322,0.201537773,0.480585739,0.692390426,0.243465457,3.015534901
0.002952368,0,0.346041056,0,0.283041693,0.417590316,0.600408357,0.17729389,0.122602322,0.201537773,0.480585739,0.688712023,0.157220702,3.117949906
0.004070388,0,0.346041056,0,0.283041693,0.454872484,0.625514278,0.202821879,0.122602322,0.201537773,0.480585739,0.691620472,0.189242,3.210843653
0.002775064,0,0.346041056,0,0.283041693,0.344161646,0.571171537,0.227946085,0.122602322,0.201537773,0.480585739,0.692541823,0.238695283,2.844909384
0.00350011,0,0.346041056,0,0.283041693,0.372151421,0.602665695,0.231819174,0.122602322,0.201537773,0.480585739,0.685299635,0.377104998,2.93385687
0.00268158,0,0.346041056,0,0.283041693,0.354565036,0.535643822,0.23420348,0.122602322,0.201537773,0.480585739,0.693147181,0.330819266,3.034952987
0.004437711,0,0.346041056,0,0.283041693,0.432123271,0.508144381,0.197626367,0.122602322,0.201537773,0.480585739,0.69101419,0.213605939,3.18221184
0.005259279,0,0.346041056,0,0.283041693,0.398093044,0.454696546,0.232057139,0.122602322,0.201537773,0.480585739,0.692302101,0.26507751,3.091042453
0.001811107,0,0.253665689,0,0.200670695,0.437580987,0.411284053,0.270149371,0.16034265,0.174658684,0.556571646,0.693147181,0.140577427,3.210843653
0.001968055,0,0.253665689,0,0.200670695,0.431376723,0.424843583,0.270149371,0.16034265,0.174658684,0.556571646,0.693147181,0.132634191,3.18221184
0.003868203,0,0.253665689,0,0.200670695,0.388784638,0.394766128,0.282613277,0.16034265,0.174658684,0.556571646,0.693147181,0.152493679,3.063390922
0.003115299,0,0.253665689,0,0.200670695,0.344569005,0.551194374,0.282613277,0.16034265,0.174658684,0.556571646,0.685845892,0.243897983,2.970414466
0.003755673,0,0.253665689,0,0.200670695,0.436219348,0.324334728,0.282613277,0.16034265,0.174658684,0.556571646,0.693147181,0.114343229,3.258096538
0.002083253,0,0.253665689,0,0.200670695,0.438199301,0.114688655,0.329140771,0.16034265,0.174658684,0.556571646,0.689079207,0.08841308,3.242592351
0.003334329,0,0.253665689,0,0.200670695,0.42337868,0.237255658,0.329140771,0.16034265,0.174658684,0.556571646,0.693147181,0.115081327,3.17805383
0.00263461,0,0.253665689,0,0.200670695,0.394225066,0.35078741,0.329140771,0.16034265,0.174658684,0.556571646,0.693147181,0.266346814,3.144152279
0.000672473,0,0.101906158,0,0.143512282,0.36605788,0.211750367,0.315881934,0.122602322,0.380995117,0.376686144,0.674748076,0.204876169,3.010620886
0.000684492,0,0.101906158,0,0.143512282,0.426010096,0.137385952,0.315881934,0.122602322,0.380995117,0.376686144,0.66542,0.143928316,3.161246712
0.000439603,0,0.101906158,0,0.143512282,0.402074298,0.263710106,0.358649006,0.122602322,0.380995117,0.376686144,0.656775801,0.184893669,3.034952987
0.000493416,0.300104592,0.205278592,0,0.103321401,0.344297451,0.233185648,0.406231697,0,0.201537773,0.376686144,0.689509527,0.258706709,2.895911938
0.000318484,0.300104592,0.205278592,0,0.103321401,0.387484923,0.190696958,0.406231697,0,0.201537773,0.376686144,0.648478196,0.155568785,3.015534901
0.000500157,0,0.173387097,0,0.23703834,0.423880436,0.309330696,0.395127138,0.16034265,0.068229221,0.592503655,0.684040838,0.103454727,3.144152279
0.000349046,0,0.173387097,0,0.23703834,0.423127708,0.312349566,0.395127138,0.16034265,0.068229221,0.592503655,0.683646343,0.129730026,3.077312261
0.000374102,0,0.173387097,0,0.23703834,0.388264955,0.281742739,0.36572011,0.16034265,0.068229221,0.592503655,0.693147181,0.159811072,3.095577609
0.000314102,0,0.173387097,0,0.23703834,0.366190743,0.369466113,0.316975363,0.16034265,0.068229221,0.592503655,0.693147181,0.201046904,3.020424886
0.000270729,0,0.173387097,0,0.23703834,0.369639023,0.459911682,0.342084021,0.16034265,0.068229221,0.592503655,0.690508673,0.218053356,2.970414466
0.000300506,0,0.173387097,0,0.23703834,0.391119875,0.303265476,0.288838548,0.16034265,0.068229221,0.592503655,0.692188529,0.171501643,3.072693315
0.000546665,0,0.173387097,0,0.23703834,0.381484384,0.363039815,0.288838548,0.16034265,0.068229221,0.592503655,0.693147181,0.19969189,2.995732274
0.00062013,0,0.173387097,0,0.23703834,0.379257649,0.452733837,0.288838548,0.16034265,0.068229221,0.592503655,0.693147181,0.189470336,2.980618636
7.52E-05,0.300104592,0.038856305,0,0.110900696,0.533633098,0.39059366,0.430007852,0,0.169839398,0.268889573,0.690420182,0.098715973,3.517497837
0.000209712,0,0.052419355,0,0.241896649,0.451584409,0.460561666,0.383327828,0,0.370510093,0.300892304,0.684358865,0.174750659,2.862200881
0.000214769,0.438254931,0.12170088,0,0.185403223,0.470434653,0.43888594,0.349619037,0.16034265,0.299538982,0.426518517,0.693147181,0.140097811,3.214867803
0.000271628,0.438254931,0.12170088,0,0.185403223,0.491517988,0.230735667,0.395555818,0.16034265,0.299538982,0.426518517,0.681824559,0.076470364,3.471966453
0.00027882,0,0.144061584,0,0.110900696,0.385271525,0.385003149,0.486119689,0.083381609,0.273749587,0.506561225,0.678849069,0.217387503,2.917770732
0.000621366,0,0.144061584,0,0.110900696,0.370036137,0.411284053,0.486119689,0.083381609,0.273749587,0.506561225,0.651584729,0.263806593,2.901421594
0.000139139,0.615185639,0.13526393,0,0.086668383,0.448652572,0.227459661,0.514878544,0.122602322,0.272297154,0.447137805,0.687495555,0.120232816,3.18221184
9.77E-05,0.587786665,0.056818182,0,0.097925537,0.463105973,0.243733413,0.504428866,0.122602322,0.16337734,0.383958903,0.68560456,0.111138493,3.238678452
0.000254773,0.336472237,0.028958944,0,0.086668383,0.499107493,0.281742739,0.528736626,0,0.248766656,0.562650692,0.684218946,0.108666304,3.317815773
0.00062687,0.336472237,0.028958944,0,0.086668383,0.445466686,0.355850711,0.528736626,0,0.248766656,0.562650692,0.693147181,0.110891549,3.173878459
0.000822187,0.470003629,0.045087977,0,0.052116001,0.456330387,0.29256201,0.626589691,0.122602322,0.355911294,0.473985055,0.659661165,0.098715973,3.222867846
0.000742897,0.470003629,0.045087977,0,0.052116001,0.368181586,0.148988046,0.626589691,0.122602322,0.355911294,0.473985055,0.687368754,0.154623605,2.975529566
0.000121045,0.641853886,0.057184751,0,0.050160966,0.474257836,0.294098109,0.693147181,0.16034265,0,0.383958903,0.677338785,0.073654542,3.437207819
0.000412302,0.587786665,0.053152493,0,0.056014642,0.338441118,0.178710513,0.620516156,0.122602322,0.247277453,0.693147181,0.675210279,0.160751364,2.954910279
0.001126376,0.587786665,0.053152493,0,0.056014642,0.375052649,0.157822025,0.620516156,0.122602322,0.247277453,0.693147181,0.666495289,0.100713976,3.072693315
0.09612373,0,0.646627566,0.693147181,0.583433353,0.41075225,0.67966849,0.086417852,0.693147181,0.649259104,0.592503655,0.668681167,0.363193388,2.93385687
0.042291632,0,0.646627566,0.693147181,0.583433353,0.43373888,0.645694947,0.117862853,0.693147181,0.649259104,0.592503655,0.686112561,0.276443661,3.122364924
0.056754182,0,0.646627566,0.693147181,0.583433353,0.399892993,0.603792455,0.135289433,0.693147181,0.649259104,0.592503655,0.691292115,0.2382605,3.165475048
0.046716646,0,0.646627566,0,0.583433353,0.397964352,0.591897668,0.118178018,0.693147181,0.649259104,0.592503655,0.685350462,0.263806593,3.161246712
0.049722159,0,0.646627566,0,0.583433353,0.434111343,0.62936361,0.118913019,0.693147181,0.649259104,0.592503655,0.664577097,0.154623605,3.258096538
0.042153065,0,0.646627566,0,0.583433353,0.415695539,0.646234758,0.100768698,0.693147181,0.649259104,0.592503655,0.63306691,0.295515549,3.039749159
0.040442342,0,0.646627566,0,0.583433353,0.296457405,0.673385747,0.08486529,0.693147181,0.649259104,0.592503655,0.672626912,0.20981002,3.08190997
0.046299074,0,0.646627566,0.693147181,0.583433353,0.357383641,0.634837077,0.068110415,0.693147181,0.649259104,0.592503655,0.636261651,0.304713365,2.879198457
0.038238533,0,0.646627566,0.693147181,0.52187546,0.693147181,0.600973169,0.068110415,0.693147181,0.649259104,0.592503655,0.638274838,0.093703431,3.131136911
0.049871337,0,0.646627566,0,0.52187546,0,0.628814611,0.043036529,0.693147181,0.649259104,0.592503655,0.638474602,0.13865758,3.349904087
0.040644498,0,0.646627566,0,0.52187546,0.237940603,0.647852445,0.055079913,0.693147181,0.649259104,0.592503655,0.585607346,0.291606481,3.131136911
0.141425977,0,0.646627566,0,0.40957189,0.056253191,0.693147181,0.034059463,0.693147181,0.649259104,0.592503655,0.285612253,0.277698628,3.18221184
0.053525389,0,0.646627566,0,0.40957189,0.238997287,0.693147181,0.018282506,0.693147181,0.649259104,0.592503655,0.665821749,0.041351656,3.931825633
0.061714073,0,0.646627566,0.693147181,0.40957189,0.468877301,0.676532053,0.020440928,0.693147181,0.649259104,0.592503655,0.665575535,0.053718607,3.931825633
0.070852655,0,0.646627566,0.693147181,0.40957189,0.508024233,0.680190275,0.006598231,0.693147181,0.649259104,0.592503655,0.687013627,0.033377132,3.931825633
0.09866617,0,0.646627566,0,0.40957189,0.41126038,0.693147181,0.003585486,0.693147181,0.649259104,0.592503655,0.653606683,0.194934831,3.931825633
0.088789751,0,0.646627566,0.693147181,0.458882346,0.366987556,0.638106835,0,0.693147181,0.649259104,0.592503655,0.629351403,0.180065519,3.931825633
0.117588644,0,0.646627566,0,0.458882346,0.229294361,0.693147181,0.004047486,0.693147181,0.649259104,0.592503655,0.693147181,0.647992783,2.694627181
0.188837178,0,0.646627566,0,0.458882346,0.104862212,0.693147181,0.000672691,0.693147181,0.649259104,0.592503655,0.693147181,0.693147181,2.694627181
0.199121741,0,0.646627566,0,0.462775926,0.54169134,0.682274694,0.016835005,0.693147181,0.649259104,0.592503655,0.693147181,0.27999532,2.772588722
0.158508939,0,0.646627566,0,0.462775926,0.46479272,0.65803747,0.019389056,0.693147181,0.649259104,0.592503655,0.64949283,0.465959868,2.701361213
0.104668638,0,0.646627566,0,0.462775926,0.482097287,0.686948814,0.020556744,0.693147181,0.649259104,0.592503655,0.693147181,0.430713929,2.660259537
0.235648265,0,0.646627566,0,0.462775926,0.431874483,0.673385747,0.02305689,0.693147181,0.649259104,0.592503655,0.693147181,0.473721874,2.646174797
0.182943334,0,0.646627566,0,0.462775926,0.412148987,0.693147181,0.02305689,0.693147181,0.649259104,0.592503655,0.689155159,0.440353418,2.415913778
0.693147181,0,0.646627566,0,0.462775926,0.502475086,0.650542788,0.025754654,0.693147181,0.649259104,0.592503655,0.693147181,0.355681073,2.433613355
0.164118035,0,0.646627566,0,0.462775926,0.452194128,0.688502011,0.034815028,0.693147181,0.649259104,0.592503655,0.693147181,0.427839848,2.4765384
0.098204945,0,0.646627566,0,0.499652323,0.320941533,0.693147181,0.040175422,0.693147181,0.649259104,0.592503655,0.693147181,0.472174285,2.509599262
0.085959794,0,0.646627566,0,0.499652323,0.31871498,0.693147181,0.036035028,0.693147181,0.649259104,0.592503655,0.693147181,0.4885597,2.587764035
0.203494485,0,0.646627566,0,0.499652323,0.143777628,0.646774278,0.0277909,0.693147181,0.649259104,0.592503655,0.542283828,0.586375319,2.282382386
0.173019715,0,0.646627566,0,0.499652323,0.284275241,0.683315277,0.026605069,0.693147181,0.649259104,0.592503655,0.693147181,0.589134787,2.104134154
0.242247421,0,0.646627566,0,0.499652323,0.189829864,0.693147181,0.030237757,0.693147181,0.649259104,0.592503655,0.693147181,0.549632344,2.442347035
0.226270593,0,0.646627566,0,0.499652323,0.243513326,0.637562617,0.034744767,0.693147181,0.649259104,0.592503655,0.693147181,0.607038466,2.128231706
0.149312966,0,0.646627566,0,0.499652323,0.225325496,0.693147181,0.040970025,0.693147181,0.649259104,0.592503655,0.662447226,0.586221791,2.415913778
0.087601047,0,0.646627566,0,0.499652323,0.300438076,0.687466814,0.052995053,0.693147181,0.649259104,0.592503655,0.693147181,0.42369383,2.525728644
0.075276152,0,0.646627566,0,0.499652323,0.34524757,0.677578625,0.069960555,0.693147181,0.649259104,0.592503655,0.690028196,0.353745713,2.778819272
0.057723071,0,0.646627566,0,0.499652323,0.390082665,0.598712004,0.090213965,0.693147181,0.649259104,0.592503655,0.669520619,0.38520984,3.186352633
0.122272294,0,0.646627566,0,0.499652323,0.24890579,0.677578625,0.056602042,0.693147181,0.649259104,0.592503655,0.693147181,0.507342744,2.370243741
0.09266485,0,0.646627566,0,0.490874837,0.4083351,0.65429715,0.058422113,0.693147181,0.649259104,0.592503655,0.693147181,0.315438956,2.694627181
0.139840109,0,0.646627566,0,0.490874837,0.36857928,0.665476399,0.057641262,0.693147181,0.649259104,0.592503655,0.693147181,0.338913279,2.617395833
0.093402118,0,0.646627566,0,0.490874837,0.443132102,0.686948814,0.052788053,0.693147181,0.649259104,0.592503655,0.686924826,0.353939418,2.646174797
0.063847086,0,0.646627566,0,0.490874837,0.434979883,0.672334775,0.048561069,0.693147181,0.649259104,0.592503655,0.693147181,0.39659587,2.602689685
0.082649111,0,0.646627566,0,0.490874837,0.349849635,0.687466814,0.044794488,0.693147181,0.649259104,0.592503655,0.688344704,0.406751991,2.251291799
0.358369273,0,0.646627566,0,0.490874837,0.309337068,0.693147181,0.032212074,0.693147181,0.649259104,0.592503655,0.693147181,0.585761068,1.791759469
0.105610221,0,0.646627566,0,0.490874837,0.363929653,0.571753102,0.033162586,0.693147181,0.649259104,0.592503655,0.616203286,0.576191617,1.987874348
0.247985296,0,0.646627566,0,0.490874837,0.381746027,0.693147181,0.040908924,0.693147181,0.649259104,0.592503655,0.693147181,0.525290044,1.887069649
0.148368642,0,0.646627566,0,0.490874837,0.427260721,0.693147181,0.039624941,0.693147181,0.649259104,0.592503655,0.693147181,0.414074008,2.104134154
0.102360208,0,0.646627566,0,0.490874837,0.434855852,0.693147181,0.045281297,0.693147181,0.649259104,0.592503655,0.666585924,0.41389161,2.57261223
0.245839317,0,0.646627566,0,0.490874837,0.294603837,0.672334775,0.050810769,0.693147181,0.649259104,0.592503655,0.693147181,0.403992354,2.2300144
0.383019861,0,0.646627566,0,0.490874837,0.320246267,0.614990781,0.042531197,0.693147181,0.649259104,0.592503655,0.604286479,0.535195135,2.251291799
0.567211088,0,0.646627566,0,0.490874837,0.34116926,0.693147181,0.026543084,0.693147181,0.649259104,0.592503655,0.677991815,0.461447538,1.791759469
0.209266962,0,0.646627566,0,0.447109809,0.104862212,0.693147181,0.004400637,0.693147181,0.649259104,0.592503655,0.658930819,0.467689972,2.557227311
0.125977324,0,0.646627566,0,0.447109809,0.330900121,0.693147181,0.014050273,0.693147181,0.649259104,0.592503655,0.607903916,0.252295061,3.363841595
0.079870604,0,0.646627566,0,0.362010479,0.332138,0.682274694,0.029134321,0.693147181,0.649259104,0.592503655,0.583653987,0.519233884,2.901421594
0.150325065,0,0.646627566,0,0.362010479,0.48893613,0.693147181,0.030087761,0.693147181,0.649259104,0.592503655,0.372569935,0.404176567,3.349904087
0.454054,0,0.646627566,0,0.362010479,0.351199163,0.693147181,0.025444427,0.693147181,0.649259104,0.592503655,0.005732692,0.208018708,2.772588722
0.14656954,0,0.646627566,0,0.362010479,0.4657553,0.693147181,0.035543696,0.693147181,0.649259104,0.592503655,0.083949303,0.43035512,2.901421594
0.191743753,0,0.646627566,0,0.362010479,0.186019126,0.693147181,0.037857863,0.693147181,0.649259104,0.592503655,0.069329023,0.642202379,2.939161922
0.279155762,0,0.646627566,0,0.362010479,0.266526739,0.693147181,0.040961297,0.693147181,0.649259104,0.592503655,0.426029846,0.409687235,2.850706502
0.41482391,0,0.646627566,0,0.490874837,0.168526904,0.693147181,0.046948557,0.693147181,0.649259104,0.592503655,0.200301563,0.679394099,2.079441542
0.184980941,0,0.646627566,0,0.473085296,0.438570107,0.693147181,0.062146352,0.693147181,0.649259104,0.592503655,0.06569934,0.56182086,2.104134154
0.114847853,0,0.646627566,0,0.473085296,0.480676496,0.64461445,0.060846585,0.693147181,0.649259104,0.592503655,0.052196865,0.509168623,2.140066163
0.255800504,0,0.646627566,0,0.473085296,0.288160977,0.63538278,0.04601975,0.693147181,0.649259104,0.592503655,0.277888444,0.523166381,2.433613355
0.602365716,0,0.646627566,0,0.473085296,0.377814174,0.693147181,0.059399462,0.693147181,0.649259104,0.592503655,0.039867381,0.419530551,2.282382386
0.124600957,0,0.646627566,0,0.52187546,0.485640458,0.564166255,0.058662252,0.693147181,0.649259104,0.592503655,0.114544598,0.457264161,2.240709689
0.117381771,0,0.646627566,0,0.52187546,0.435723746,0.693147181,0.06421224,0.693147181,0.649259104,0.592503655,0.589418742,0.312415065,2.87356464
0.075906025,0,0.646627566,0,0.52187546,0.384228228,0.668647649,0.065550226,0.693147181,0.649259104,0.592503655,0.59113752,0.326050729,2.721295428
0.12693906,0,0.646627566,0,0.386073919,0.336390116,0.627165806,0.072052685,0.693147181,0.649259104,0.592503655,0.550634851,0.29366579,3.08190997
0.07619592,0,0.646627566,0,0.386073919,0.396805379,0.613319005,0.078008599,0.693147181,0.649259104,0.592503655,0.0055321,0.466825295,2.667228207
0.094173419,0,0.646627566,0,0.343210214,0.324964566,0.528991242,0.081509877,0.693147181,0.649259104,0.592503655,0.008361736,0.354713861,2.541601993
0.163983532,0,0.646627566,0,0.473085296,0.369771412,0.669175215,0.068526571,0.693147181,0.649259104,0.592503655,0.018388566,0.485677609,2.2300144
0.12890719,0,0.646627566,0,0.343210214,0.361930319,0.460561666,0.075971047,0.693147181,0.649259104,0.592503655,0.059541248,0.325851546,2.415913778
0.35293571,0,0.646627566,0,0.473085296,0.409480794,0.576972017,0.064553298,0.693147181,0.649259104,0.592503655,0.045593487,0.302268874,2.4765384
0.079488867,0,0.646627566,0,0.473085296,0.4083351,0.573495768,0.070731849,0.693147181,0.649259104,0.592503655,0.217611104,0.43572378,2.48490665
0.099751065,0,0.646627566,0,0.473085296,0.431874483,0.670229511,0.073490075,0.693147181,0.649259104,0.592503655,0.14176184,0.480400552,2.351375257
0.091099928,0,0.646627566,0,0.343210214,0.427885448,0.618880755,0.080604247,0.693147181,0.649259104,0.592503655,0.190303968,0.3639607,2.740840024
0.107083143,0,0.646627566,0,0.343210214,0.486700966,0.663356632,0.083578009,0.693147181,0.649259104,0.592503655,0.185874838,0.402517427,2.714694744
0.069860459,0,0.646627566,0,0.343210214,0.437457278,0.55415734,0.092919047,0.693147181,0.649259104,0.592503655,0.220082742,0.250148677,2.839078464
0.060774113,0,0.646627566,0,0.515751742,0.438817234,0.628814611,0.102436331,0.693147181,0.649259104,0.592503655,0.224604987,0.33635397,2.727852828
0.145235826,0,0.646627566,0,0.515751742,0.410243861,0.667063281,0.094723892,0.693147181,0.649259104,0.592503655,0.225490887,0.315438956,2.541601993
0.118111133,0,0.646627566,0,0.548383036,0.462382209,0.664946878,0.086626346,0.693147181,0.649259104,0.592503655,0.243876251,0.466479214,2.667228207
0.150155808,0,0.646627566,0,0.548383036,0.441901181,0.65803747,0.076392369,0.693147181,0.649259104,0.592503655,0.066265873,0.371791893,2.360854001
0.15744556,0,0.646627566,0,0.548383036,0.403099151,0.693147181,0.06891709,0.693147181,0.649259104,0.592503655,0.022440355,0.52005443,2.272125886
0.142946008,0,0.646627566,0,0.548383036,0.374920958,0.628814611,0.060940704,0.693147181,0.649259104,0.592503655,0.15961113,0.637108124,2.240709689
0.100277261,0,0.646627566,0,0.548383036,0.333511627,0.661232361,0.060649762,0.693147181,0.649259104,0.592503655,0.693147181,0.459706591,2.624668592
0.221364379,0,0.646627566,0,0.548383036,0.359392077,0.653225913,0.064834583,0.693147181,0.649259104,0.592503655,0.686252216,0.446198799,2.442347035
0.103662838,0,0.646627566,0,0.548383036,0.435103899,0.678624104,0.081643974,0.693147181,0.649259104,0.592503655,0.679258245,0.399375967,2.895911938
0.061675925,0,0.646627566,0,0.548383036,0.411641308,0.693147181,0.076577695,0.693147181,0.649259104,0.592503655,0.691620472,0.343621016,2.965273066
0.106115655,0,0.646627566,0,0.548383036,0.44485285,0.693147181,0.074351518,0.693147181,0.649259104,0.592503655,0.680242138,0.38689792,2.797281335
0.134376799,0,0.646627566,0,0.548383036,0.364195929,0.675484384,0.067337096,0.693147181,0.649259104,0.592503655,0.473546441,0.475438612,2.468099531
0.113219236,0,0.646627566,0,0.548383036,0.441654815,0.66600564,0.075153175,0.693147181,0.649259104,0.592503655,0.102350291,0.478692318,2.549445171
0.068224241,0,0.646627566,0,0.548383036,0.427010721,0.674435616,0.082222065,0.693147181,0.649259104,0.592503655,0.588383256,0.36683289,2.766319109
0.105694157,0,0.646627566,0,0.548383036,0.415695539,0.675484384,0.092720149,0.693147181,0.649259104,0.592503655,0.682525638,0.340681278,2.610069793
0.099651368,0,0.646627566,0,0.515751742,0.407315602,0.686430545,0.09797762,0.693147181,0.649259104,0.592503655,0.693147181,0.373312806,2.714694744
0.081137034,0,0.646627566,0,0.515751742,0.436467056,0.684354778,0.091642098,0.693147181,0.649259104,0.592503655,0.568873752,0.395481664,2.63905733
0.072724783,0,0.646627566,0,0.515751742,0.476758879,0.65429715,0.103076357,0.693147181,0.649259104,0.592503655,0,0.360118236,2.667228207
0.059292975,0,0.646627566,0,0.515751742,0.465514742,0.683835163,0.105665101,0.693147181,0.649259104,0.592503655,0.639259954,0.365685004,2.785011242
0.055568329,0,0.646627566,0,0.515751742,0.421494849,0.650005298,0.106728148,0.693147181,0.649259104,0.592503655,0.678145407,0.356840493,2.839078464
0.088592675,0,0.646627566,0,0.515751742,0.550569436,0.689536137,0.113610543,0.693147181,0.649259104,0.592503655,0.666275143,0.346552137,2.93385687
0.101527062,0,0.646627566,0,0.515751742,0.474257836,0.66229506,0.11712708,0.693147181,0.649259104,0.592503655,0.015909881,0.384270784,2.766319109
0.0519703,0,0.646627566,0,0.515751742,0.449753019,0.621096822,0.112237848,0.693147181,0.649259104,0.592503655,0.120083412,0.373312806,2.714694744
0.051078485,0,0.646627566,0,0.515751742,0.380306142,0.628814611,0.123938519,0.693147181,0.649259104,0.592503655,0.025296375,0.389891935,2.617395833
0.088103828,0,0.646627566,0,0.515751742,0.375052649,0.586183366,0.139767082,0.693147181,0.649259104,0.592503655,0.007986581,0.350446981,2.674148649
0.083478792,0,0.646627566,0,0.515751742,0.421997551,0.605480219,0.14007542,0.693147181,0.649259104,0.592503655,0.522113733,0.336551073,2.766319109
0.073596569,0,0.646627566,0,0.515751742,0.393966668,0.609407293,0.134876322,0.693147181,0.649259104,0.592503655,0.693147181,0.305933374,3.044522438
0.052607768,0,0.646627566,0,0.515751742,0.47103299,0.640280749,0.125295257,0.693147181,0.649259104,0.592503655,0.496384261,0.34028866,2.856470206
0.040603056,0,0.646627566,0,0.515751742,0.431376723,0.631556593,0.12285341,0.693147181,0.649259104,0.592503655,0.686226825,0.304916804,2.928523524
0.072068221,0,0.646627566,0,0.515751742,0.424005836,0.601537663,0.136218311,0.693147181,0.649259104,0.592503655,0.693147181,0.291400317,3.020424886
0.063310224,0,0.646627566,0,0.515751742,0.448285488,0.639737713,0.141536756,0.693147181,0.649259104,0.592503655,0.68925642,0.212044658,3.054001182
0.08437886,0,0.646627566,0,0.441832752,0.410370983,0.49692931,0.154227322,0.693147181,0.649259104,0.592503655,0.693147181,0.27539665,3.109060959
0.034871911,0,0.646627566,0,0.441832752,0.35146885,0.382898624,0.162230625,0.693147181,0.649259104,0.592503655,0.611070449,0.294282756,3.039749159
0.04148625,0,0.646627566,0,0.441832752,0.377157359,0.611085615,0.147039039,0.693147181,0.649259104,0.592503655,0.053249371,0.354520306,2.995732274
0.048441842,0,0.646627566,0,0.343210214,0.383836711,0.664417077,0.120695773,0.693147181,0.649259104,0.592503655,0.606804939,0.432147878,3.000719815
0.161264809,0,0.646627566,0,0.337353682,0.373734952,0.531415486,0.149931514,0.693147181,0.649259104,0.592503655,0.656998048,0.373312806,3.000719815
0.137053876,0,0.646627566,0,0.337353682,0.34524757,0.44087599,0.143279666,0.693147181,0.649259104,0.592503655,0.693147181,0.307151895,3.04927304
0.047654582,0,0.646627566,0,0.337353682,0.405017924,0.60716514,0.159668159,0.693147181,0.649259104,0.592503655,0.693147181,0.337732873,3.039749159
0.04432279,0,0.646627566,0,0.264261798,0.412910022,0.644073763,0.164763406,0.693147181,0.649259104,0.592503655,0.691165795,0.268036718,3.025291076
0.039259239,0,0.646627566,0,0.337353682,0.438940774,0.555340072,0.148999624,0.693147181,0.649259104,0.592503655,0.688686695,0.29900023,3.186352633
0.050844137,0,0.646627566,0,0.386073919,0.503865262,0.510619629,0.120099187,0.693147181,0.649259104,0.592503655,0.664732763,0.242166755,3.42751469
0.086612558,0,0.646627566,0,0.343210214,0.30567406,0.669175215,0.111750047,0.693147181,0.649259104,0.592503655,0.635647556,0.373502757,2.694627181
0.069326502,0,0.646627566,0,0.343210214,0.404378742,0.67966849,0.093382988,0.693147181,0.649259104,0.592503655,0.566801568,0.480741849,2.660259537
0.053239716,0,0.646627566,0,0.386073919,0.444730037,0.659636191,0.101574109,0.693147181,0.649259104,0.592503655,0.692276864,0.383706928,2.87356464
0.155967621,0,0.646627566,0,0.386073919,0.288160977,0.679146433,0.084623006,0.693147181,0.649259104,0.592503655,0.631499228,0.494467389,2.564949357
0.108805451,0,0.646627566,0,0.386073919,0.407315602,0.676008355,0.090438284,0.693147181,0.649259104,0.592503655,0.671223186,0.371411303,2.747270914
0.149312966,0,0.646627566,0,0.386073919,0.412910022,0.62936361,0.072052685,0.693147181,0.649259104,0.592503655,0.675877527,0.27308936,3.109060959
0.063340397,0,0.646627566,0,0.264261798,0.414556947,0.492533698,0.189511318,0.693147181,0.649259104,0.592503655,0.693147181,0.222039189,3.17805383
0.062117654,0,0.646627566,0,0.264261798,0.476877821,0.554748881,0.182527654,0.693147181,0.649259104,0.592503655,0.688306698,0.153440873,3.206803244
0.062360358,0,0.646627566,0,0.264261798,0.51319874,0.567091088,0.188487584,0.693147181,0.649259104,0.592503655,0.691102629,0.136011758,3.258096538
0.031117661,0,0.646627566,0,0.264261798,0.351873245,0.325822824,0.238983748,0.693147181,0.649259104,0.592503655,0.688116646,0.214942242,3.126760536
0.026314241,0,0.646627566,0,0.341749294,0.366456418,0.337648534,0.211816467,0.693147181,0.649259104,0.592503655,0.659595977,0.277907637,3.072693315
0.040393227,0,0.646627566,0,0.341749294,0.42337868,0.408549943,0.231321426,0.693147181,0.649259104,0.592503655,0.682653054,0.218497011,3.100092289
0.061944092,0,0.646627566,0,0.341749294,0.398221719,0.583313924,0.198625882,0.693147181,0.649259104,0.592503655,0.687812486,0.311607148,3.000719815
0.052858762,0,0.646627566,0,0.341749294,0.370962124,0.417408604,0.168842499,0.693147181,0.649259104,0.592503655,0.682143292,0.237607972,3.072693315
0.001623277,0,1,0,0.379056346,0.309477686,0.654832339,0.060966371,0.122602322,0.693147181,0.586603933,0.690862562,0.371982134,2.785011242
0.001988022,0,1,0,0.379056346,0.303837513,0.684354778,0.055346668,0.122602322,0.693147181,0.586603933,0.624191231,0.478521334,2.079441542
0.002258213,0,1,0,0.379056346,0.257384829,0.682795121,0.061111806,0.122602322,0.693147181,0.586603933,0.588971096,0.571683954,2.208274414
0.001116833,0,1,0,0.379056346,0.381222672,0.686948814,0.0649965,0.122602322,0.693147181,0.586603933,0.684549633,0.372172338,2.681021529
0.001179479,0,1,0,0.379056346,0.381222672,0.60435536,0.085391428,0.122602322,0.693147181,0.586603933,0.693147181,0.278116601,3.04927304
0.001875168,0,0.338343109,0,0.344669004,0.344433237,0.422821338,0.107830886,0.196710294,0.328809364,0.531879033,0.693147181,0.249718846,3.126760536
0.003066557,0,0.338343109,0,0.344669004,0.373734952,0.34277863,0.107830886,0.196710294,0.328809364,0.531879033,0.693147181,0.283118696,3.238678452
0.001938888,0,0.338343109,0,0.344669004,0.339396815,0.23644298,0.141299928,0.196710294,0.328809364,0.531879033,0.688585377,0.363193388,3.18221184
0.003178941,0,0.338343109,0,0.344669004,0.300438076,0.54285106,0.141299928,0.196710294,0.328809364,0.531879033,0.693147181,0.428918597,3.0301337
0.002941162,0,0.338343109,0,0.344669004,0.35617664,0.528991242,0.148701863,0.196710294,0.328809364,0.531879033,0.693147181,0.29366579,2.960105096
0.002613198,0,0.338343109,0,0.344669004,0.385923033,0.496302547,0.110065305,0.196710294,0.328809364,0.531879033,0.693147181,0.269091459,3.100092289
0.001925875,0,0.338343109,0,0.344669004,0.3255182,0.546435294,0.109315619,0.196710294,0.328809364,0.531879033,0.691721484,0.314028945,2.917770732
0.002447943,0,0.338343109,0,0.344669004,0.386964564,0.582739046,0.117296922,0.196710294,0.328809364,0.531879033,0.693147181,0.298386168,2.879198457
0.000632711,0,0.420454545,0,0.327021487,0.458028592,0.519847625,0.115710609,0,0.151967273,0.638488768,0.686937512,0.198108717,3.152736022
0.000437693,0,0.420454545,0,0.327021487,0.398993423,0.565337215,0.100110739,0,0.151967273,0.638488768,0.693147181,0.184664285,3.072693315
0.000611705,0,0.420454545,0,0.327021487,0.503402084,0.645694947,0.090189038,0,0.151967273,0.638488768,0.693147181,0.102458959,3.214867803
0.001160057,0,0.420454545,0,0.327021487,0.482097287,0.636473292,0.108418517,0,0.151967273,0.638488768,0.688788003,0.123164653,3.135494216
0.000461735,0,0.420454545,0,0.327021487,0.387354859,0.589044599,0.117846688,0,0.151967273,0.638488768,0.693147181,0.156749004,2.557227311
